address,core_days_cnt,type,note
0x3d9819210a31b4961b30ef54be2aed79b9c9cd3b,758,0,"Compound: Comptroller"
0xcffdded873554f362ac02f8fb1f02e5ada10516f,701,0,"Uniswap V2: COMP"
0x31503dcb60119a812fee820bb7042752019f2355,671,0,"SushiSwap: COMP"
0x70e36f6bf80a52b3b46b3af8e106cc0ed743e8e4,464,0,"Compound: cCOMP Token"
0x503828976d22510aad0201ac7ec88293211d23da,440,1,"Coinbase 2"
0xa25aa6dfbf6d9bbd7a6a9eb47b9f1e57a2bd92d7,423,1
0x28c6c06298d514db089934071355e5743bf21d60,404,1,Binance 14
0x5f65f7b609678448494de4c87521cdf6cef1e932,381,0,Gemini 4
0xe93381fb4c4f14bda253907b18fad305d799241a,374,1,Huobi 10
0xea4ba4ce14fdd287f380b55419b1c5b6c3f22ab6,364,0,Uniswap V3: COMP 2
0x3f5ce5fbfe3e9af3971dd833d26ba9b5c936f0be,339,1,Binance
0x4f6742badb049791cd9a37ea913f2bac38d01279,333,1,Celsius Network: Wallet 5 
0x2faf487a4414fe77e2327f0bf4ae2a264a776ad2,313,1,FTX Exchange
0x21a31ee1afc51d94c2efccaa2092ad1028285549,283,1,Binance 15
0xdfd5293d8e347dfe59e90efd55b2956a1343963d,281,1,Binance 16
0x74de5d4fcbf63e00296fd95d33236b9794016631,242,0,AirSwap
0xa1d8d972560c2f8144af871db508f0b0b10a3fbf,191,1,KuCoin 3
0x6cc5f688a315f3dc28a7781717a9a798a59fda7b,112,1,OKEx
0x46340b20830761efd32832a74d7169b29feb9758,107,1,Crypto.com 2
0x6262998ced04146fa42253a5c0af90ca02dfd2a3,101,1,Crypto.com
0x564286362092d8e7936f0549571a803b203aaced,98,1,Binance 3
0xd551234ae421e3bcba99a0da6d736074f22192ff,88,1,Binance 2
0x2d187a560cfbd28e1eb2f68534754b0f120459a9,87,1
0x0681d8db095565fe8a346fa0277bffde9c0edbbf,85,1,Binance 4
0xfd3dfb524b2da40c8a6d703c62be36b5d8540626,75,0,1inch Network
0xed2f0a3855a954fac8116e5e39247c490e1476cf,71,1
0x66646ada16db1177671db4d3e5d65152ed10db4a,71,1
0x85b931a32a0725be14285b66f1a22178c672d69b,70,1
0x1bff026a22e1cc46ffac53e491a3e5591b2a80a5,67,1
0x708396f17127c42383e3b9014072679b2f60b82f,65,1
0xe069cb01d06ba617bcdf789bf2ff0d5e5ca20c71,64,0
0xbd2b7db3bc96adcb25ccb042e9fedb259c1211e1,64,1
0xd38b2859cbaf492d7eb97abf8f26885c4941496d,63,1
0x03089c7646263e0e84e168d5dffe531bb9dad93b,61,1
0x91ae9ca2050dfc4a0479fd81b902d2a0447e9f42,58,1
0x59f7a66a2fbcaf203cee71359b51142238f85b78,56,0
0x43dd77ffa2ebd52fc76fc7bd290a5c4c09f9d23e,54,1
0x11111254369792b2ca5d084ab5eea397ca8fa48b,54,0
0x441cacfd43856409b163b90e094bb42aeb70a70e,53,1
0xc7807e24338b41a34d849492920f2b9d0e4de2cd,52,1
0x19d1666f543d42ef17f66e376944a22aea1a8e46,50,0
0xb26314635252b4ee8b454423e5299a092dea8a4a,47,1
0x55b10d02055870d86d980dc99f20025a986c1366,47,1
0x24ba1542f8a0a20e8251d096213384cfb0ee3dbc,46,1
0x0d04146b2fe5d267629a7eb341fb4388dcdbd22f,45,0
0x9bc2f223026c252c8ef5f7f33f00f4bee21434b8,42,1
0x7a250d5630b4cf539739df2c5dacb4c659f2488d,41,0
0x5620cbd6626669953e302ebe68608e0bc1c1b206,40,1
0x0f71dcff39ab3a817d02b6b3b808ffa21d3f67c1,35,1
0x8248c5709b0835366821d0cae83bdb7e2cf66a53,34,1
0x7c66550c9c730b6fdd4c03bc2e73c5462c5f7acc,31,0
0x0000000000007f150bd6f54c40a34d7c3d5e9f56,30,0
0x804cbb1fe6d4152059b0336f9e62b5d118d9c608,30,1
0xf60c2ea62edbfe808163751dd0d8693dcb30019c,28,1
0x73f9b272abda7a97cb1b237d85f9a7236edb6f16,28,1
0xba12222222228d8ba445958a75a0704d566bf2c8,25,0
0x20e3a9cf9f2d4773de24fb50b1eff25fed70acc3,25,1
0xefbbb0509993ab9b751f9ab137c77c20e7273a97,23,1
0x06279491231653c54f67c714bc97556672fa464c,22,1
0xd47140f6ab73f6d6b6675fb1610bb5e9b5d96fe5,22,0
0x6317c5e82a06e1d8bf200d21f4510ac2c038ac81,22,0
0xe33c8e3a0d14a81f0dd7e174830089e82f65fc85,21,0
0xf7f90d8468bfac3d04ddc30d6ada0aab9339d96b,21,1
0x75e89d5979e4f6fba9f97c104c2f0afb3f1dcb88,21,1
0xd152f549545093347a162dce210e7293f1452150,20,0
0x9af74a84de5152db4e0e656a8d735b0a3460c227,20,0
0xd578653be7cc96d254cebc45151fa8f193d6263b,17,1
0xa6aac20c2f51101a92a01e28c8da87927677f9cc,17,1
0x5274891bec421b39d23760c04a6755ecb444797c,16,0
0x19bc62ff7cd9ffd6bdced9802ff718f09f7259f1,16,1
0x68b22215ff74e3606bd5e6c1de8c2d68180c85f7,16,1
0x6f81d90e771b551451382b4c8b41c86b978d3420,15,0
0x27239549dd40e1d60f5b80b0c4196923745b1fd2,15,0
0x0211f3cedbef3143223d3acf0e589747933e8527,15,1
0x274f3c32c90517975e29dfc209a23f315c1e5fc7,15,1
0x2bc2fc7285f777406b5a29d52d58796f39184493,14,0
0xf8fbebe3bf3cfb93a0b408fb6872e6f10105bd7e,14,1
0xc176761d388caf2f56cf03329d82e1e7c48ae09c,13,0
0xa1c50afac5e0f57368b6993cc76e3897dabaecf2,13,0
0x689c56aef474df92d44a1b70850f808488f9769c,13,1
0xd9e1ce17f2641f24ae83637ab66a2cca9c378b9f,13,0
0xdb38ae75c5f44276803345f7f02e95a0aeef5944,13,0
0xf78f74a0f9104aa62864b93802260c3469167a9a,13,1
0xcc907ba082d81107238072bfc90e9e7f605daed1,13,1
0xf16e9b0d03470827a95cdfd0cb8a8a3b46969b91,13,1
0x8538e5910c6f80419cd3170c26073ff238048c9e,12,0
0x04bf40a81dd28591465823089c9d3a7ad19bc6b3,12,1
0x693c188e40f760ecf00d2946ef45260b84fbc43e,12,0
0xc48b8329d47ae8fd504c0b81cf8435486380e858,12,0
0x6924a03bb710eaf199ab6ac9f2bb148215ae9b5d,12,1
0xa12431d0b9db640034b0cdfceef9cce161e62be4,12,1
0x72aafba75261a7b29fa65d79cae1ec10cf41538d,11,1
0xa89a1278ac85367f38bdf6746658ce2b9875526e,11,1
0x0a2311594059b468c9897338b027c8782398b481,11,1
0x952fad02a1c2442dd2a0c36fe656d8050f26116a,11,0
0x0d0707963952f2fba59dd06f2b425ace40b492fe,11,1
0xa910f92acdaf488fa6ef02174fb86208ad7722ba,10,1
0xe4eb63092300a89a82a3cd97341eb2ff7572de5f,10,1
0x660d4b02ec91aca859239d3e1292c01fdfcb7ba2,10,0
0xf3194e22d3212a6f930a7c6a88003d43f68befab,10,0
0x6eff3372fa352b239bb24ff91b423a572347000d,9,1
0xcce8d59affdd93be338fc77fa0a298c2cb65da59,9,1
0x84fe4e963648c623a0ba762daa11ab3635434626,9,1
0x56178a0d5f301baf6cf3e1cd53d9863437345bf9,9,1
0x61189da79177950a7272c88c6058b96d4bcd6be2,9,1
0xc63ecd62fed721ba54ae2843acfad61f50f7cdbc,9,1
0x5c5b40855fc364b797c1f539f7eb39cdc94a8a91,9,0
0x48c04ed5691981c42154c6167398f95e8f38a7ff,8,1
0xb3c9669a5706477a2b237d98edb9b57678926f04,8,0
0x31a5f7a7a12af1a317491b1285c59e63e16654a1,8,0
0xc586bef4a0992c495cf22e1aeee4e446cecdee0e,8,0
0x3df4cab0b3d185c35982cc1559894cdd1d77c8c6,8,1
0x69ef4e8a1cd21ce860bc8f3ba00b37f8fa50adce,8,1
0x220bda5c8994804ac96ebe4df184d25e5c2196d4,8,0
0x00000000ae347930bd1e7b0f35588b92280f9e75,8,0
0x986ccf5234d9cfbb25246f1a5bfa51f4ccfcb308,8,1
0x1938a448d105d26c40a52a1bfe99b8ca7a745ad0,8,1
0xd56bddc477231a9c61f01e0cd052308f4625c565,7,1
0xa7164f5d3c9951963a274e78cdb740f4c322540f,7,0
0xc37e82d59b3e18f624dafd8c99e33f11f2245056,7,0
0x66408934ab87c3791fbbe3293dee31c009f082cd,7,0
0x000000000025d4386f7fb58984cbe110aee3a4c4,6,0
0xfc502afffef06c6725f2d84db6eb2b256623629a,6,1
0x0000006daea1723962647b7e189d311d757fb793,6,0
0xf2c6d2fcc517a67cae47a97a24b0f6514b115c36,6,1
0x39cd2fc7bac954abc3c1b6da1cd467fa44f4f3bd,6,0
0x2d615795a8bdb804541c69798f13331126ba0c09,6,0
0xa03d3611b34c3c49dbcb8206ed08fe6467f684a5,6,1
0x4e51cddac046ebdc6809994ceb22c9077e9245fa,6,1
0x192376b6433164dc4bf64319e6443011a6e84235,6,0
0xfbb1b73c4f0bda4f67dca266ce6ef42f520fbb98,6,1
0xf1ad4bfdf8829d55ec0ce7900ef9d122b2610673,6,0
0x6bc41ccd2b36f76bc47d5017d5aa3ee9f9a82d1d,5,1
0x1c17622cfa9b6fd2043a76dfc39a5b5a109aa708,5,1
0xadceeb763dbd6f9ba7efb7564af2518a7fb49e7b,5,0
0x1f8a6d8185b76f5ac08f335610a2390dab3225a8,5,0
0x5c8bb2c9c0bc2655de05198de50651820b95c541,5,0
0x1449e0687810bddd356ae6dd87789244a46d9adb,5,1
0x65bf64ff5f51272f729bdcd7acfb00677ced86cd,5,0
0x167a9333bf582556f35bd4d16a7e80e191aa6476,5,1
0x1bd435f3c054b6e901b7b108a0ab7617c808677b,5,0
0x254e363d4e851d150c1e3ad7fff5cd408dddd35e,5,1
0xe66b31678d6c16e9ebf358268a790b763c133750,5,0
0x3c02290922a3618a4646e3bbca65853ea45fe7c6,5,1
0x444a5e0d2515f322e7278f6ee95cb34d8de98f09,5,1
0xe4e8f73096301b0938b896a79521088633b85b75,5,0
0xab575dda1001e709e24a2e8ba08b0752342f0831,5,1
0xfb44d6ebd1c659ecdb199111f9dce55a8b4d5df1,4,0
0x728bbe9bbee3af78ad611315076621865950b344,4,0
0xcccd215ec03a8ebfa24f82bd0cab56178a18bf18,4,0
0x2b5634c42055806a59e9107ed44d43c426e58258,4,1
0xe90641efcb7dd1c3e49c8285cf70034d6251c940,4,0
0x4be8603901c42728a8ba4014f95b9ee363c0c116,4,0
0x2a0c0dbecc7e4d658f48e01e3fa353f44050c208,4,0
0x2057cfb9fd11837d61b294d514c5bd03e5e7189a,4,0
0x5608169973d639649196a84ee4085a708bcbf397,4,1
0x025bc0c05c939bce0f738856e50f6ec07e9d1d49,4,1
0xe95e99a778653b4669af3c4c28878e57b5520e92,4,1
0x7758e507850da48cd47df1fb5f875c23e3340c50,4,0
0xb59c8729d3627842a6c2d4b0c2c605ab95794596,4,1
0xc36a600567984e2e3c39cd76545d0b1bda08cb02,4,1
0x5598931bfbb43eec686fa4b5b92b5152ebadc2f6,4,0
0xeb22558898df915a9d255067fe428a9fdf60e1dd,4,1
0x8df6084e3b84a65ab9dd2325b5422e5debd8944a,4,0
0x818526b6796297e80c65248c7336e78f1bec38e9,4,1
0x06082762bcb05fce904b405857e6b005ca0a57ef,3,1
0xf53e599a6a70bc59b54f9f3400b19a1f8f5d6988,3,1
0xbc82221e131c082336cf698f0ca3ebd18afd4ce7,3,0
0xd094742fc277304fc42a77636cd15ea7da617f74,3,0
0x389505f098a29a994a3ed0e674f07cd451dde42c,3,1
0x396fd7653767637b3f0471c2cbe08e62674d5e7f,3,1
0xf1a8ba23becd6eeedc3769aa37586473b116c95a,3,1
0x475aa48f0ce767610c70e0cce0f1cf0e012cd48b,3,1
0x43b9f9eaf7259cdfbd3158d8b5d6576245946a9c,3,1
0x44604066ac597e4afeb7c29b72c7f1bad8bbfc8c,3,1
0xf15054bc50c39ad15fdc67f2aedd7c2c945ca5f6,3,0
0x0eae044f00b0af300500f090ea00027097d03000,3,0
0x22f9dcf4647084d6c31b2765f6910cd85c178c18,3,0
0xf2d4766ad705e3a5c9ba5b0436b473085f82f82f,3,0
0x9008d19f58aabd9ed0d60971565aa8510560ab41,3,0
0xd46d65913f3ce905a4742a921d72ce2922aaace7,2,1
0xba5ff814dc397595d6de5c6dd8d4dbfdb7b47c2a,2,1
0xc0cf3064dfb4e5485c828e093a4c336d5385953a,2,1
0x43586242ec6c49ac243efb615c7bb57a9dcd6a5e,2,1
0xdc83f86380a1f3a9e5836283f1729d68149ec0d8,2,1
0x3e66b66fd1d0b02fda6c811da9e0547970db2f21,2,0
0xce310a00aae6a3467767e2c71ac1994ce1597da6,2,1
0x26607ac599266b21d13c7acf7942c7701a8b699c,2,0
0x86904e32b0d7a8e1ab4dc4a02bae7ff93e9a2d33,2,1
0xd03af38bf66369059716d1ef9fefa449cb44bc6a,2,1
0xb509daed124a5e55005f6f47a1958bdad148e501,2,1
0xe84715bcd24369cdb360871f7568065b73d3d909,2,1
0x5d50b2ad4979dcf7eac12d2394651d9380acbc08,2,1
0x373036b7c6379878d1ce15f62e9295d6365e2cdc,2,1
0xa32bd37f237b9a0881c5aa261f64b322ac71f510,2,1
0x8d0c908eb1d94070666b9d608346f00ab87c7d24,2,1
0x49964dca5c033b1ac8a58d550576c69b91d55e75,2,1
0xd1917932a7db6af687b523d5db5d7f5c2734763f,2,0
0xf0f0630be4af386eb35635109f813fb8a8dad5bf,2,1
0x652f4f35fa9e41c2d4815b9aef1f4c94c4574d8a,2,1
0x0a8c1dd891daa9c7ada3985d38d37e50107115c7,2,1
0x380ba17ec4e31183f4b50775fe7f73433c411d17,2,1
0xf7315a80f2f05a337aa332e23150b28c87bbac1c,2,1
0x432ba23c8ac7511dd396a1e0d029326c63e42007,2,1
0x2e42b8981e6625a4f7e235b318f7c36f28729b85,2,1
0xf29d361969f0f65539f59b50305ace845f6bba63,2,1
0x8c44367a496116cf69af40b65690453cb20c04a4,2,1
0xd69ac8d9d25e99446171b5d0b3e4234dad294890,2,0
0x3b1e5b2559d493e4a5c1144451679c4d0fc5aea9,2,1
0x381001f2b284f942da9dad9130d4e6f53a371260,2,1
0xbfffac37858222d300d3af25444d7f46eb30f1d7,2,1
0x79a3f4d47713008761efaa03d6ba424ea781b0ec,2,1
0xc0a22e34f60914b300c00b5ee89a64c954459a5c,2,1
0xdd3e141742fef7851962b894032a4965fc0479dc,2,1
0xed46536490fb3c2f0e0665457bb2751a8a7bb00f,2,1
0x715a759646d779ca190839c3729c9ef584b2bdc5,2,1
0x829fb259920cfff3cd03a85fb0a0520850127197,2,1
0x8443bd1d1cfec0fb0f9ad8da5acfb19bfc2df669,2,1
0x37112085e51f3eefad827f2ba17f82cb7036126e,2,1
0x1c18093212c008630e86764cd14a3eb22b37aa6e,2,1
0x6d6916ca1e6352b496d9d591deb2ad4b94573a64,2,1
0x989150d336f5d430437b24f77b489bc7a22acda5,2,1
0xfeaec54d6de9e131cc73174fc3d97b1635c180e3,2,1
0x6c2600f247a168ce663e1fdaf2b0ae243e77e1ce,2,1
0x841eb9888d9d1a3091c42d77b3da618a44eefc4a,2,1
0x876eabf441b2ee5b5b0554fd502a8e0600950cfa,2,1
0x7b5cc9cea37f66f8e21a4c393234a84e458a8d2d,2,1
0xd3d0ed428045139e9ba63a6f952b8bce18879bac,2,1
0x6cfd4959c05bf8c46e844da731a2927ce670383e,2,1
0x3e198e01ed09d8c28df3a992853b3e1c682d3082,2,1
0x311ca8590d4e20b8978ff6048955abfd1779d8ed,2,1
0x2775b1c75658be0f640272ccb8c72ac986009e38,2,0
0xc633fdadd08048bb8dc4dfbf584fbf8f94e67a42,2,1
0xd636cf706ba3272e25f288c4f437fa6cbffa38b0,2,1
0xdd37f6d0902df57b1f59cdaf243a21a1eafcb546,2,1
0x7d0a7b318322573aaeccf72976f2f281179d0f4c,2,1
0x0b916884d8c673a40c34bbb60e79ea17edf9d051,2,1
0xf73c3c65bde10bf26c2e1763104e609a41702efe,2,1
0x86538c7626ad816e2b98140080e15afb8c1c2a1d,2,1
0xeb6c3dc3837fbc9386c18b1544aff9b18260b59c,2,1
0x5664e55ebfbc7dfc283ac9a4c9e7237d546a9a7b,2,0
0x6ac3489189a26d722edace76835dde15e6c0d872,2,1
0x36b0ca172da5a33201efdc398acf9dde8f29d69a,2,1
0x439a948b4cbec94801448a80510ad9301474c51f,2,1
0x084262a32aa4759b133cd4ce572c27c3f34707c4,2,1
0xc199825cf8a4b5ee620e035377fa42d0a140c333,1,1
0x519ad9f0a8f02af3f1486822a0dab99dd9916d93,1,0
0x8ad09b0f0b54bdb59f9f4e1a6b74baa83698a883,1,1
0x87e6040f3c0d24576f709f7ab959a2fb6e3dd6d9,1,1
0xf1d8c2eed95d5fc2eade4e6bb15a5969453e89a9,1,0
0xe636c1a7c5f94f3c3a97920e9eb004397d313949,1,1
0x17adc6fd6139cc8499e61970db59d5473795155f,1,1
0x3d6bd0193a8127d96b62ec3b2d1c8842f4d3ff4a,1,1
0x7a8dd87c65598668d24274869964e4351a1d0d69,1,1
0xe303e72321d77ecf102d182013d964af6863fc4e,1,1
0x5cd714d320143cc0b35594617b6f0ff744a83255,1,1
0xb85186c29eeb5efc04c7d5f521a287e3624134c8,1,1
0x99dc9cc428e737571614a5652c83d2e031cc4ab0,1,1
0xd84723c457655269781dc4afeb8bfce64868d533,1,1
0xa9d31f64dffa87ee36495a7cb71e4f6edf0673cd,1,1
0x641387a9334b989646a32b9dbff1c566af1cfbcf,1,1
0x92b701dd8631eb4ac0a995259606b981cdfc8d2a,1,1
0x808a8d79133fb659a668e0450c5c9368a97b9e61,1,1
0x2c7ecda68fd594bac6a069feca0f781e4ddf6941,1,1
0xd3238647764a7c88cd3db14091ef01b0ef584ba3,1,1
0x99eba1d9015c9e8d333b62091f0c3e1f0eb3d791,1,1
0xb275483694d627242e77b95630168da4aec5da83,1,1
0xfc10f31c6b80674a6fac1e6c2c3d7832f90d348b,1,1
0x64190926adf092f580b2de8f8de4e294d79179e5,1,1
0x714ff661595e3ccd60bbb3593af2e75aa129133b,1,1
0x81fde0225536568c0b2f07b1b18fc55e05e9881b,1,1
0xc472a0a3d8bb28690d622cd06396085e14f6e9c7,1,1
0x988b1c418e6a9136262745b23cb8d119a997d961,1,1
0x06b5a5858209860a5c3aa8ad379dcab58bcc0ac1,1,1
0x47e5d263778b1d6afb4468f92fc7b09b306d7997,1,1
0xa836071a0bb7135427d860d92feff82dc57b5133,1,1
0x44591531a5b06fb244647cd15d74f60455455dda,1,1
0xf33d995031c7ad7bab47a6ccd3f8ec2b4e2999ac,1,1
0x41fdb57bc45f43194e32d350c72e68d40fe239f0,1,1
0x3fbc7da150e36f83d66a375776b39e0d809aaa61,1,1
0x52dd7ffc52572b6ac48a73fe493cbaa8ee3fa50a,1,1
0x27894edbc9c3eb41b4436f7f4779307d662cdf36,1,1
0x477b8d5ef7c2c42db84deb555419cd817c336b6f,1,1
0xabe483af9f0934db6fa4e16733a25a1206be3746,1,1
0x8bbfc93958e3884d27c877bbb8fdb0c945bd7b86,1,1
0x46738519525be177ac3fce132b1236f74e7f261a,1,1
0x37fde5873de7c73cf71407a096821bba6c976239,1,1
0x34cb45cbdc4c57c6aff4f1ac83f9e85f36d5659c,1,1
0xfb0a004e539c036b6e43f5d00823b37f71926ffd,1,1
0x76a912643791bcafe19d8544b9a572e1402ede9a,1,1
0x691e3cbb2a8f504fc650f21c9af6226051340559,1,1
0x27193ca6ae70ce7a3f43cbb1e6b9c94f3429620d,1,1
0x3bb31947946689224b0abd1871cd399385fc2450,1,1
0x7af6904718e6898d1c5020a57fb95282a556d415,1,1
0x88deb42faeffd0a57cd718e544e7eaa2963b2749,1,1
0x41074160fd1a815516373e84db4bfa2dc2471b78,1,1
0x3dd013df6914e4f6f0df444fbe22af4ec5fbb2cb,1,1
0x54ec137cfe04fabe0a4d72ff7b6311ee85330166,1,1
0x41fd4bc46dd3cf6697b9710fc9ac858ea9ecc89f,1,1
0xc77efd284c5050897039f97b53a478c08e359360,1,1
0x42238eb9554f4bdeafaca63b081eaa1f3cc0f0dc,1,1
0x8f26c13ec068ef445645f07b6751dd5fa6d70188,1,1
0xe5d7ccc5fc3b3216c4dff3a59442f1d83038468c,1,0
0x2931e0017c767d8d6ef0af9cf0473cec87025238,1,1
0x07445065963c2d563cd70ddf2aa49fc771e59a98,1,1
0xdff0972aa9afa277d730a26d4b2194649d9346af,1,1
0x0000f079e68bbcc79ab9600ace786b0a4db1c83c,1,1
0x74211c554ccfda56cde42c10576a9525557ddcd1,1,1
0xa392da028d932fe41ff4c6529c2b4d60c1cee299,1,1
0xb6833725482056a77d6e9bf4be099797748b0f34,1,0
0xbf9334cbc1977bf50b8d5bd86a2684eced570a5f,1,1
0x83d0498a56199cf4d4646b51c6d25db24cf037a2,1,1
0x21c0bbfa11544bd5030ee39e651e050fd732ccec,1,1
0xd56fb9977dfe90ac63fa9032daae34a3eb214b71,1,1
0x63915008d71e641aa5861236ac8b91c9840c7f29,1,1
0x7712b4424690eaed7c1873b543cbd915fa7f3e62,1,1
0xbb44e3349c23cc430cae6ebbaf0256c9f2a1872f,1,0
0xdef171fe48cf0115b1d80b88dc8eab59176fee57,1,0
0x21d8598c50f46a0a8f1e8b0d2fad7059ccaf61bf,1,1
0xe88f7dee993e57788bdab011ddf3696a421fb9f0,1,1
0x6427a161b69f67cba0d5da3bc37ec8a32751ac0f,1,1
0x47fe8791e07fe9bbf86ec91d2c9e6006d201bcf7,1,1
0x897a9d8bb80c5cd0b0d4982c6e895edabbf5cd4f,1,1
0x2e27abf8ebe70fcf49e629d5ad71faa1094c8ede,1,1
0x7e5b096b42c8fd73326287e295238a33cccc9275,1,1
0x6ad61120b8f16d92f0fea2e8948562fdbefa645e,1,1
0x41f9ee3a5a96a415ec6bc7a216c5dcd4176b4b33,1,1
0xd92166c4d032bde74501dafb9d850534635b0cfe,1,1
0xd5e487cfef24ac57a9c8a024b3d55c4fbf2be923,1,1
0x5b9f5ac161f818bdb81362cc16252c150bb1d539,1,1
0x197b075d17b445112008741e01dbdeaa3c050d7d,1,1
0xe140bb5f424a53e0687bfc10f6845a5672d7e242,1,0
0x8a27f8920114842e7693bb6878423f1bd6192c3c,1,1
0x120051a72966950b8ce12eb5496b5d1eeec1541b,1,1
0x7ecd2bb878138c4d9b115e2e18513421a3c4c3ae,1,1
0x0b6e7c424b43cdcd746a433c1395a2caf0d967bb,1,1
0x574b5cb38923b47d3c009de580a637a3853b724b,1,1
0xbeb39d13c37060d4da2dbf8d97f06f8f234297bc,1,1
0xee49366623cc8c8696f2d7ce575c65b85293dac0,1,1
0x52407a233ac443e2c43b1cb08aa9f7c50d23708f,1,1
0xa3223c7a53ac0b2c62f7f791c473c2d54343fe87,1,1
0xcf66afc6ec29a2e6a23f25a8acb44bc15f4a4eda,1,1
0x8e09084ed2260bfa7168c5aff530053989f3e0f1,1,1
0x22a59089fa92a85ef8db0307aa08a0f5a0bcb9b3,1,1
0x10f991a5685c49b92a2c61b68c9ff70257c2b1d4,1,1
0x4f441d4ff71828cce8cd4283b7b946b52abe09ab,1,1
0x9501c6183c65d2d6db11cf91f32943255a645183,1,1
0x0800d5f553ae8accd0c82f55363583e9b57cd8c1,1,1
0x68348203faa77fe58ea5377418b2601f9dc15129,1,1
0x11d66b8bf2a7744486f9fa67c80a9af660ea2d7c,1,1
0x24206f29c62de5d027abd1b152b47d4ffedf8034,1,1
0x1111111254fb6c44bac0bed2854e76f90643097d,1,0
0x305a6e002c70bd80a9a696bf215c853b46c87a02,1,1
0xfa6de2697d59e88ed7fc4dfe5a33dac43565ea41,1,0
0xa5896f34a8146a88906dfed06feb0673eebf707e,1,1
0xebff8962364284bd9d211f2e0ef2762351edcbbd,1,1
0xb2b9335791346e94245dcd316a9c9ed486e6dd7f,1,0
0xc333e80ef2dec2805f239e3f1e810612d294f771,1,1
0xb0eba32b531110a2da4222646854dd0ca5eed00f,1,1
0x2f617df81933500392d9d602a05549dfc71e41e3,1,1
0x4f2efbf2385f91fe445f853e6a5a02a6ea6bbbd3,1,1
0x5e403b9ea36622da3686cb144d77b286efadfb98,1,1
0x8417c37dc2a0d28e15f190dc66dba8d57260707f,1,1
0x072a3dff276d933dc6c84ad8cdcc1914f2add0b1,1,1
0x0e41f3131d5f6b6e057793cd7c7c86ba3f5949ce,1,1
0x90a655cc993d34775b4f191209f84a0f3ec31bb0,1,1
0xf3a2be1d1f6bf243b4d5024673e6691c56b8b73d,1,1
0x82331a573ddfe4269299c88a9d0de4a7fd953f6f,1,1
0xf94a5a4d2f07abd3c2036f5e14399b3f53f2de67,1,1
0xa769cad5c040ef967baa2c3a5d5a6bd0bdbf4d1f,1,1
0x491746a42307f2704db4294b3510d46036b02078,1,1
0x74b3e1da738d6fa8930383f08d37cd1a7a661e1e,1,1
0x8bee7340304a051b16cecee05fb8c999db3b65ed,1,1
0xdfd6b70db264b5c7b0206d6aaa1a74150d7b1363,1,1
0x7163a6ff30fa036f183772c8fce89889e44c1eb6,1,1
0xc24fc2ee5c8e47125402b8f612ab38c67685d386,1,1
0x075e72a5edf65f0a5f44699c7654c1a76941ddc8,1,1
0x13c38712e229b421537027e78794f55ec8cc3606,1,1
0x28e7991254144f3487e56d77d63860cebb261806,1,1
0xc175fc4d6e6384ada6c9bec110a7ad8138d353f8,1,1
0x9672ddb0502cbea47da7edfcd5212063fb3de0a5,1,1
0xa9506544297ced0118cb6b0d84ba182fd8e9b1bb,1,1
0xf9132b4675739d0825a8dc98c3feef6f03f08a92,1,1
0x28daf630f5a9d7d91671761830a7a8457d72243b,1,1
0xe216d98a8f1329837ed81a859726fca4f83a1bf2,1,1
0x5cf1fbd77dfcb14a806f21f41650ddc3b8cd265b,1,1
0x2f204f4f601baf214568f15bb7d200106f695362,1,1
0x502f31272bfeca3c3b5649ab2cc1432fc2fc950e,1,1
0xf0a2e45b065577a2c459ed20048da2cbc926d33b,1,1
0xec8ab813e0c6f31a1f37530b9855c3b6d8844528,1,1
0xfd2c8755a10af5b784665504eb568425ccd7cd7c,1,1
0xda1ddd30887359df840c08d6fb79cec4170cef09,1,1
0xe988f6bc451e92b90485670aec03f78db4ac72b3,1,1
0x3ab28ecedea6cdb6feed398e93ae8c7b316b1182,1,1
0x53633c539d8399acbfac8e0f2391b35ee4cd6439,1,1
0x4af4a576adff3bc120c9f6ccc5b829962a55396e,1,1
0xeed85ddd6828b8c714141d34a12d0c07f7553182,1,1
0x17fee47f9e9cf440af95efac2dcd49ecec59f56a,1,1
0x500a746c9a44f68fe6aa86a92e7b3af4f322ae66,1,1
0x2fa11341a34024dca14f74a890250f63a24208dc,1,1
0xe2c418adda5b94b952832ce816f86398f06977c1,1,1
0x178690e520d5a4266349b62fa689da3a99c763cf,1,1
0xa657d345cbe517da5ec5284a98e7e270f6fb493d,1,1
0xcc379e6135910e01f0cbbc7d89888864e47dd888,1,0
0x229a76285b7316bde227eb7823b37c8afd5b6227,1,1
0xb38544ccf295d78b7ae7b2bae5dbebdb1f09910d,1,1
0xbe319dee4d986cf783ecf11d44c93eeb0223b6b5,1,1
0x1c727a55ea3c11b0ab7d3a361fe0f3c47ce6de5d,1,1
0x30d43dbcbe101f07de164515e3814016f12c5c22,1,1
0x368aa06188e4e0d26286c0a2d76c956ba4138c8d,1,1
0xd14d32f30b184983d3360c6f4b6593d41ed834f4,1,1
0x9ac1da828779ef628df4ce11b4e214d2156c07c8,1,1
0x382ffce2287252f930e1c8dc9328dac5bf282ba1,1,1
0x61c7c98ad65877bc6c3b268c3c1a9f95eb247cd7,1,1
0x037fb29235fd9907bef79d4df163bdff67ca874e,1,1
0xbc09cb5f4195d7537998a77a1e500f7780f460ed,1,1
0x27532a27d64c2a068fdd3fc7a8d10be429b13c72,1,1
0xb0f0adfebaab6f2240275db3f359e45c611ae8ae,1,1
0xe8ad96bdef1c35e8bbe5d722af7187e189b4f671,1,1
0xbe54cc77e849600900dd5655b2be9a4a7bed0b3a,1,1
0xc25da66128185f8685c292b9174367867d94a601,1,1
0x83d4cc786c8071e34c32fe68b26b6124c5498fe1,1,1
0xc0a40a0e003af2aca1d27e0683c43631ea61d7f4,1,1
0x4f0e7b6badb59490a4de99a7a17f6d1102cfa021,1,1
0xc134ccd0081db6693eadfe5f827f359a03814f38,1,1
0x0ee5fbd023359645feec6abbc02231f3819506fc,1,1
0x9a47ef0ccf4b168bd49d68d70896e780a53a8c90,1,1
0xc0ddc9883b05337c7c65a2d373e82ace83d2ad6a,1,1
0x174b417b9e5094a5c2e40b30203b19f2b67f7923,1,1
0x1b9a9716ce15ee3be798ba5622cda1aad5aff66a,1,1
0x2654d5c24afc1ffbeeb65947122b1e50f27e9fef,1,1
0x62c95f0dfd6c382447c0ca6a8898bc3f367fd37f,1,1
0x3d60475ed5a54e500c4af4d4a2d0a7d370c695da,1,1
0xa96a9c04c56d2d68b2ae471e309f77dc439825ae,1,1
0xe3a2b801d7449b096dd1e4267ab612d311dd5c86,1,1
0xbca82641df8d868c9430041b8b81e9abe37aa957,1,1
0xf82f911d7c1ebf82b47a3284b90631d85479ae3c,1,1
0x3328f5f2cecaf00a2443082b657cedeaf70bfaef,1,0
0x2acdb44596e2b6ffbbf62614c9aad9cd04980248,1,1
0xe37509c25dc4be729955d2df7e2d0e0b8e22b92d,1,1
0x5e43d57e70c200bed0d1dd91df2e414eb1fecd9f,1,1
0xf4f2693848754dff6b6d8ce385953511430abfdc,1,1
0xc8629015203abdc98b3e467371856ad2d1878720,1,1
0x891c136d0199c7bc82701122535c6220934d4668,1,1
0x358a60a12d8a6577ae9a17a2d13584de1c4eec01,1,1
0xc6d62abe03fbc24eeb3de3a819aae69e2c8a3f2e,1,1
0x55e15a350d1933c2379208872e8eb57374542215,1,1
0xf7cd332c1c396340f7a7281a62e98246a50f3b98,1,1
0x17d804e5d43d2bb90ef50f99917c3e0c4bf8cf11,1,1
0x374d410f0edf510562aed617e8de0a47baf5cd60,1,1
0x642abcf1172ffc53a678099a1da6be1afcbdecb6,1,1
0x81ba969f7755963798923cd0f399edccbf4a7144,1,1
0x04c7634a88ac38dcbac15e95e0012a69190199e5,1,1
0x6b4481823ebeecb692ba1589b42f07fea688d1c4,1,1
0xd3d4b47883ea6c6db6f0eb7086eeda84f01441a6,1,1
0xde5b33f9ec5b162be010eedb78c56c2ecc8d8e85,1,1
0xf0409bbdddbbfb53ee7e9037851d6f0656290d11,1,1
0xae4013f5a6c46d8ed5753bc65cbc59cedc1467cc,1,1
0xeff3a33daea4f30a3b5980517bf88e4a826c44c1,1,1
0x97d89c59eaf6cc10704b74aa69c51bdf3c579fd4,1,1
0xdbcb1e4026bd19f82cd29b79f7b2d1c499cfadc7,1,1
0xa1205f6a241d9e777ad0df96c8858d1230e7f0e2,1,1
0xbe07a381a5aab821dbc61a03279567a0623fb0ee,1,1
0x3a9e6cf4e3157670a3b991c25d6f4fcbd9419c03,1,1
0xc97a4ed29f03fd549c4ae79086673523122d2bc5,1,1
0x25c9b2b0f87fbcc7ba6d37c325514c6fc1ff162c,1,1
0x49f209d090f69f3171beb58e507e7feb53a5fb97,1,1
0xc68c17e6eec0fde3605c595c9b98de5c1a4cc3e4,1,1
0xabece266504690a6bfbb7096bf365aad2c3b4d67,1,1
0xa0e83a903a0c9b84de9895295b4db781afb323fe,1,1
0x4b7af1e2bbcc6e165882ca04badc928fee86cba3,1,1
0x8e7410d9bd51430d26e238479f7c7c3b86831e23,1,1
0x4c107386d0d6ba386ebbc31f27a460a1673af798,1,1
0x74d99342039d8a8ff2940554aa6ed22ddb2952b7,1,1
0xc7e7388aaf86f994648c11af51271c9a9b983fad,1,1
0x13a882de51c6d83fd77d2bf6d55fc1c4bc49e745,1,1
0x2609de9377db593088af94435a49d745a7f310eb,1,1
0x94c629e83024f5d1eb884726f4ccb1ce87285b93,1,1
0xdceb33b4fcd12374c613524627d29437834b9b53,1,1
0x135359617d9e6ad4b16a02465ce6dd2a4c08946a,1,1
0x4e735bc11326dd0ce974b7f88836fc3ab041dae6,1,1
0xe747e6934c38d1162645351c91a21b23a3455b10,1,1
0x32e6fd1168d0e340aee3f9384caa814930debb50,1,1
0x77d15fa3b6a0e1b4d80b916fd03a234e913fa602,1,1
0x9cf7cd172c53218cc2e8a02f427f2a759fc86da5,1,1
0x55a8c1e77b6e2716369dd9b3e5a70bf8c8c7e177,1,1
0xadab18f7ef4e5a14f9c58af5ec12c07ca3b2a241,1,1
0x97410b9c7db64416c9c788135de1c75bd43f1eb8,1,1
0x67523492ff854b7624862ad2b2903757decdfdff,1,1
0xe3cc48a662db920282f3f0cca05baab1d71bc289,1,1
0xc4b37ba5a7a2f25e2eeb532a17466b3ba81d85b2,1,1
0xa86298bdbf05b7f1e7f7cf6d186a2251b8ca5a22,1,1
0x4947487b4ad4b7f761573ee513bd0b0eb379f44e,1,1
0xa1d11cb7a6d58ada2ef75343b03ef6438aa12ca8,1,1
0x5f4f0eeedab039c8913342acdbb294bed78459ad,1,1
0xa8d173a2af97ff6cdf168307ae9db2375c0a24c4,1,1
0xb9c764114c5619a95d7f232594e3b8dddf95b9cf,1,1
0x025489c6bfbe7a3956bf54c1ea18944250baf7c7,1,1
0xb98232c3e43aa16a9d28350ac279eed519aae213,1,1
0x15031a4ee1209632497b49735682a01b6a1d0cee,1,1
0x2e11cb62a0cfec4fcc5532069d13750b13ab0849,1,1
0x99c481a3d88e51b4eeb9d61faf22930f95019563,1,1
0x2df65068dcd9efdb3087a8dabd7a18a01c5d5646,1,1
0xf383537763e7e969fadfe485d88b47934515d6b7,1,1
0x9ad3cd4b4d3e95ab67a64da779662925d5f7b5ae,1,1
0xbde1401508c1b06c12e0a285cedb34bfc66376ed,1,1
0xb9fa578a2c28553371f5a2313f030c0c72b3fb8d,1,1
0xe89a33e942f659aab6fad95dbac799e515d44fe0,1,1
0xf91ec35a00c1d986a28a1f48ce5849a66bfba376,1,0
0xe344d9ef7d99be1f0510a1e34f4b49515948603d,1,1
0x2cfb9b0a18c9a85dfb0a9118cf016216ccefd502,1,1
0xcb5e3bf1e36efdde5edbf2ab87f90e9eac1af993,1,1
0x821f1b57d411cccbc96c9b1838315abec2071e44,1,1
0x8749f962a07adc795e17b1de027a04956b042b40,1,1
0xb1beb415092547806315d8bf6fb0dbd577ce482e,1,1
0x9b283c5a516074c3d0dee0c96ca3387f2bc5e442,1,1
0x51e5abdd78967fb9922a9fddc07877eda9cf05c4,1,1
0x5d083efb1ccbfbda91309c4385139da086ce8441,1,1
0x554e9dc9368242f5ecb872563574ccc3185a9ca7,1,1
0xeb69f5b98256544c3eb566163021cb900bfd7ea0,1,1
0x5b7cb585581e2ad36fbd2aa96460c46b25951c0f,1,1
0x01f8e0e18e70b0db4441e606a1aeb42426e43937,1,1
0x583879e224c9d77915b7f0dbf2a48bc523dbf3c1,1,1
0x55877b28a4ea8a278da5d105f344950f04f47865,1,1
0x3ea7b373f06ec78b5fbeb9ded501456d35d054ad,1,1
0xf73dcbd061f1506835ef2de3c19059efd0a38ac3,1,1
0xe134b035a7657d5a6efed46ff6de4372be6bb867,1,1
0x0dc1f6178f72aea86fabb0e246ebba05a051c8dd,1,1
0x485b66165a75747f6b9280f1ec9eb2942ca081e2,1,1
0xd7561d689895ce91d8d819e474b7dfae47032bed,1,1
0x9ae25187dc08274cc69fd2c2da7812322c8ca7f7,1,1
0x3ae91d246b2feecb60b27fae4031d10b86f2b989,1,1
0x391bae31695b2c566839392ab2365285167a5e6c,1,1
0x4b0cca1e36aa7b39474a44083a303f1d6e9c02df,1,1
0xe07d55656eea71b4a30a75ad4b66d6d56f22b8b4,1,0
0x0aaad5f6df1c4cdbc70bceadc0120c0bf89aaced,1,1
0x74ee655f44edc634eaed592345aa7f5620ad4f06,1,1
0x757d036445eb2c089a9e3621a1477396dd0091fe,1,1
0xc2aab48fd4d2b19e3fee313545b7077fcd13c975,1,1
0x69e4eed40fd0397825022d29e2c519366d864e0e,1,1
0x2717e70969bd544e789b0b06e95e9eb6a75bdede,1,1
0x17464dda6b51e7f8ea4fde2e4a05a059fbb80cd2,1,1
0x27f47474c440c3dfc352bae70cf301e75c32b5a6,1,1
0x8c8119b7dcde0fd4f69829c283c89104f621a3fa,1,1
0x58fb4c61561a3849790b526e7fb57baa8cacd96d,1,1
0xa2810c06b21b6468002c4b1cc7f880f938b35cd8,1,1
0xc4383f13d13258bfd205e57cd0814e0d21d02b78,1,1
0xc76086d89505c23173e48dc63b75b8cdc39ba35a,1,1
0x2fd2549243655509e65086501c8c2b649c3e6b54,1,1
0xf2e679ba954aa042c509368f67dde85d25dddcaf,1,1
0x0331db9c9d8b0df6c92f347c821617280d99312c,1,1
0x099d06f68893fd32891b2854d9dd0b7e256b9ae7,1,1
0xd75c89061cf1b7e511af83f5602b4de7606afe57,1,1
0x15994c3cb30aa1b19a7e8a70ba2302a5f720781f,1,1
0x7f7ab118c986129e2bc2f3fd0708b04c311ccb10,1,1
0x920ddfdd84761c98cc124299483b51ce887ffff3,1,1
0xf5c0e2827638f3ec676d14861fd2bb6da86109a4,1,1
0xfa51362043b1663c8ce5b2a5f07e0cf010f03e57,1,1
0xd09721ec55f4c02e19684bb0c49c21dacdb8cea6,1,1
0x3fbb9110c5b74cc0c371261f0435e7e856d0e96e,1,1
0x0545111645298fea84aa3455593498d69d314616,1,1
0x5eff146d3d19e8e3c6a53c4b81844dc03b4a87dc,1,1
0x41dfd7014dfb832b02436243ad909c4f6e3e7873,1,1
0x5e1d841969d4f495037e9e499b9c59d68e94a6f9,1,1
0x0fc81b0512a361d8972272136fb37740e485974e,1,1
0xfa103c21ea2df71dfb92b0652f8b1d795e51cdef,1,0
0x08e0fc5e9bec73c38a7c00ffc07de880dd81799f,1,1
0x62c17d788875aec06e09732b27133d4bd911905d,1,1
0x072568ad010c91633a323ef3219891c74c2286c1,1,1
0x39b19261918c281cf4d182217254a7b608dd7afe,1,1
0x5109328a8bef114934cddad8ea8fc055b517d2a2,1,1
0x7fa3d4733f4e30e7ef0cb1c2f72c33f44789765a,1,1
0xea6f867a0c1e5b3f5c4a4f0552be9561d76ebea2,1,1
0x70ffeece2d9651fc51a61baba1d3e813fc0ed2c2,1,1
0x7af7032b48260c7f31f8f18d36a79a7e32078bf3,1,1
0xa8b1f63e247860b44a86eb7a760d8f29f6d18939,1,1
0x70a8dd888c0192c5a9bf6c09fa052dd51610af28,1,1
0xe08f8b35593ff3cfcf70cba5a17ebdedab0aeca8,1,1
0xb630e2dc6efa74b4869fb0cc656513b6e98eb63c,1,1
0x738cc72983d4110d5150b197eefd9648e1c6c521,1,1
0x901a395d9fbe83084228d7bfe9db58752d667bb1,1,1
0x140c84424397b70a4df126cf09d098f2af812f06,1,1
0x65742a4e29fd128481378e9300c093c169babb1f,1,1
0x5c13bc4ae5d86c81e82ea5ff41edee70588fd84d,1,1
0xfb9e608da143d4530ed3787d8bd6a304ec6cc601,1,1
0xa831696243b840e6a0037406981b700abce2805a,1,1
0xf19d91902a8f5011c87dea139f25bd5ac0d28303,1,1
0xcc570670a230d5fe255f7dcac9f0855e1e06de88,1,1
0x93f9f7712a9757d7f253d12f09acf6956d0e1bf9,1,1
0x5b1c44ef0bac1487f20d47c520057bb800999899,1,1
0xb807762c4722896ed37d380c09a4237cb4b693ad,1,1
0xf7864a017818bc13c803791eba904b2cd067e7ea,1,1
0xab7f6b87393426463a563261bfa3011f31ea2335,1,1
0xd28458671971884b9770635f8ba6596414454082,1,1
0x8a5a99edaa4547739660a15212c91aed97c23a06,1,1
0x9a6fcd88bb6e16b7cc25f4e45d78bef367cb95f2,1,1
0x8ccf0abeaf271d369e3686623da67d0e08980d0a,1,1
0x7cf85f8157c666471f1de01894daa795338d6624,1,1
0x8d8c99d92cddbadee6fe143d18dc022c4295d51d,1,0
0x16244425b45bd52458299ef334b8f0e745faa9f0,1,1
0x7181df86b13dcf2fb6301db9336423a8ed09485e,1,1
0x748a57f473e2a05125705aace168913751462537,1,1
0x2696c566b34819373eab1dd29b74c35a0fdaa305,1,1
0x4363c18457c66837ab686d5e1b5cfa41c61cb95f,1,1
0xfc45bfd49bdb092560617d4b7dc04bbe8da51375,1,1
0x18db4b94911ff0be91268b3544dc7b7cc4444aca,1,1
0x23974f5a7b575b74f83827a35a6f20b8567c7075,1,1
0x5ee496cf3c6a0d2f20cabb631192638d9b02c7b3,1,1
0x7dcb1b7e9f7fac9606d613883dd5f8ac5e25f30a,1,1
0xa2c9e390fd2e9d9de79483da5f4fcc9e74193978,1,1
0xeb273972052770844aec9c3fef3e0fcdce4dc7a1,1,1
0x4f734e5952d5701a168bdd025f9e5ead53492b29,1,1
0x53381cd72864fffa2ac71c9c561675e6b62bd3b8,1,1
0x64988223e210ac1d31bd02d456079fa9a7ea34d0,1,1
0xf55c0a9e6a7d4b8dc75437ca20dd09cd4f54642b,1,1
0x70bcb6213f3af1f7dd2f138b79166794d52aeea6,1,1
0x7f7e6c2843c9664bf64b2e4aa694ac9e25d81fe9,1,1
0x5758734ef90b7c5390e135c7cf77818b93d7c253,1,1
0x7803a0f8538ff9a24fd5936f55f6347480504b0f,1,1
0xd64d982ba006dff992010cbde39a96726707e297,1,1
0xbe35a1b21801d1d8dc6e29050c9c4b711f42ca8c,1,1
0x3fa0d7d72334d19a3ecaba2e728bb66f091f2bf1,1,1
0x5a50ae3a833f0bccc13945db563210b1d735f0c7,1,1
0x9089cb3fe09987c748b2f203547ce7a7c81c80ef,1,1
0x0d55a7505442dd745cae5a59e2c4cde446655562,1,1
0xce6ac003f79632b48ff67eecb6114242272f6202,1,1
0x71d60bac790db03b757188e46a11e958df9e6425,1,1
0x07eb4244f6eb6f32e99cac49575d94bbd887a5a4,1,1
0x229f233cfd6161c132109c608215b27e388f8189,1,1
0x0f7857d669753fc8da4096da638eb9c32f282fb9,1,1
0xd0ef895c75507b7d16bdefbf98f52d8b88c599a2,1,1
0x3e9e23e0f5c38dec35f10f1bf0218cfc03c0af66,1,1
0x8d17424806a3c382297a1d8cbb5df7df7af92efd,1,1
0x2e5b1804c83ee608cbef8a59b09ad35714353a64,1,0
0xb3ad01b167d5a362660a3f1f4f6d96d4cfff1d1b,1,1
0xb844595d0c89d6fedc194dd3941e81e568741982,1,1
0x345836ab8a72b1e87bf815a7f21cc075605e152a,1,1
0x3d0b31909223855c2c89baf6922325d54d409114,1,1
0x8381c4cf6ce34465281030005ccb428152d21887,1,1
0xd79a1ce686e9fa74af36befa1a3030684a57a894,1,1
0x62ca78b5d78958ecb5dd5f4d4f05160f7590f411,1,1
0x6783489489ffd1ab162903a06d743debc7adee95,1,1
0x8e057a19891a53cbab95fc00f5ea2c64d9145822,1,1
0x8fc30c62f1b702b1fc93e39530a48a898ffacd7e,1,1
0x8ecdb82150f7825da848eea3a78beafa7fc874ea,1,1
0x2e90cc11268a5c0aeec36d4663e810437278d718,1,1
0x0afbce6862112745e82d424b6ba3043a289d5b5f,1,1
0x00000000001876eb1444c986fd502e618c587430,1,0
0x00000000008943c65caf789fffcf953be156f6f8,1,0
0x438bdde67caa7271ef41357c11cf8637365a028b,1,0
0xd3e1c7734f8c6cf4c363423a1d8481ea3c9833bb,1,1
0x28a55c4b4f9615fde3cdaddf6cc01fcf2e38a6b0,1,1
0xed6a0ae6b59766770ffd5d6a50f9927a5706e659,1,1
0xec8dd152ee68b788e7b070d8af5a3203ca6d70c8,1,1
0x6862df585b85c18ed761f4ecd17e9930d2c8fe0b,1,1
0x94dfa1cbed1eabe81892bc946117165a7b9b92e7,1,1
0x8645fb75ff781d99012f4b635060a598425959cc,1,1
0xfce109056c8db29b856e92a1d6bc3b49635ae517,1,1
0x7df6502200a005a472bb39aa70fc0102a296ec62,1,1
0xa9822215f1c6d1e3af89c3ba60bdd0ec01deaef9,1,1
0x66a14d566a904fffd79030ea7fda6a63df23b7e0,1,1
0xbd3ca61aac0f68127ad698d8f69ac01f3d582c04,1,1
0xcc3d458b45e1f5fbf468147a719686016e409c83,1,1
0xbbeade679a10596f63d57d69212e6b74a3e4899a,1,1
0x0c98089c9699d53984fb76f5e8340d84732049d7,1,1
0x681663a05d243230bfba57d54ec54424c8b493cc,1,0
0x1aae48434db6477f7a34bb97e0c6f6ea80a96232,1,1
0x47f7c8802347ffc738dda9e7d276209490758ab4,1,1
0x4cda9ec22494c5685eab9e008ce80072691efd65,1,1
0x66e1e0242de452dd4bbbc69650865b6a3fdf7163,1,1
0x81f080a9bd0e93c6da4e396176922eb74c2fd712,1,1
0xc71cb0db754899066cf9ecb67e0d4ee89f5485a1,1,1
0xc54e84ba9442e84cc5eeb11cba48d2b5468ef8d5,1,1
0x4f017d72ae9288b9523040c0d837e170b5640aab,1,1
0xc8d039d01b692cb2a162e907a19365c0515e46a7,1,1
0x41f8d14c9475444f30a80431c68cf24dc9a8369a,1,0
0x24035863b580efe3c9491fc36db76e2aaa722b54,1,1
0x85371ede93fb0d7fa1fb5f3d59c3dda25ddc8ec0,1,1
0x67dd70abbd6b920d3b28fd865d462b1b51436ae2,1,1
0x3de4698b56ede53b39808fec82d2e598318d9d10,1,1
0x3f2eaf1347b7216dc716fc5408d27581b70d89b2,1,1
0x5d5d7827c5384de6da830eeb9c75e137a1f6a845,1,1
0xca8038f6e6e889c1b1d404010a332409c0a36d95,1,1
0x9c578b573ede001b95d51a55a3fafb45f5608b1f,1,0
0xa4572af4844b2ddde6bc21b1c038295bfe514312,1,1
0x96539d2e710c1eb43a3be6cb3759ba08e1b6fe62,1,1
0x170aafbbe5a4c06a0805c9e2e5b93e85db074de3,1,1
0x084f7c054673edf9d0955d7ba4f32cf096559142,1,1
0x577a58c61b3b2258c1ee08d4d40e7252f921cc8d,1,1
0x7f2c7587ef7bbb7f9432aa7cc0f0e5e7de12646f,1,1
0x87b3f19a16c60972dbf64012c1336060ee642259,1,1
0x9c581e6e59af71b632739f587fe124cea4921ad3,1,1
0x055238d9e349c5819fd28a2d7ac482d8dddb1e9c,1,1
0x372b45096548f4e36df422ae7bd7b2ed9717f694,1,1
0x7c8c5c8f934d6f2ac6e89ef7c868b5b1c9330cd1,1,1
0x01ca98e601d905032df3f2cb39f83441a442f57c,1,1
0x3bac7fc76efb1d0dea4c3960d9472ebc03063bc7,1,0
0xe5c5f772759b4188ce5454397a06e831f8ef368e,1,1
0x059e75b3ec967e8defc220f5d335e1d9ffd25262,1,1
0x000000000000541e251335090ac5b47176af4f7e,1,0
0xa04e4fcc7f9855914a9de2834aacf94ef13d2eb0,1,1
0x72e5263ff33d2494692d7f94a758aa9f82062f73,1,1
0xd80fdc63d9b1cc28a79088e71c9b125dc2d3fd09,1,1
0x48d24fa960ee1679518fd9a87e3f92d063a5a621,1,1
0x92c078230ad9175f23ac166c6e2cb347fd0cbf8b,1,1
0xb965bbfa416825d500de604345220fd0f305122f,1,1
0xc6a710b561ce6d1cf42a0e459372c09e1107db22,1,1
0xc7e20539e3a72252747b6ad5d71632de0ed7d426,1,1
0xa9555583f7cc96140f3db0d9de3c6eb2444e1d6d,1,1
0x481b1966661d1d2074ade14ad4674384f2604177,1,1
0x8afd7b9ff404ad18fed4275d3e44e63eaa15158a,1,1
0x9324110521bda06ae9ef530a49e95c7b75ff6956,1,1
0x7ee7ca6e75de79e618e88bdf80d0b1db136b22d0,1,0
0x2fed65a2ec89157553f7fabaef2bd92028e25c15,1,1
0xc58bb74606b73c5043b75d7aa25ebe1d5d4e7c72,1,1
0x1871e60fd1feceefab91eb5d97379c24851f801e,1,0
0xd12a0a8b672477d76a1d5451b72a0ba8b1e624c4,1,0
0xe8e1215a974876162547652ba76eebbd0ccb4f9e,1,1
0x481ded23e7468b551b7598e1be31375413c7f893,1,1
0x8a3960472b3d63894b68df3f10f58f11828d6fd9,1,0
0xc11cc5f3f2d2e52bbd7fc160a58df800a0d33606,1,1
0x6daf7f4d72aabb247a44e5f04d95382d1e4753bd,1,1
0x942be9e8a12cfaaf997cd266487eaf8553b119d2,1,0
0x125d5f25f9f330f55d93fb0aef309de0bd97ede2,1,1
0xab819c390a66edfb8704e254fc32160b2b8866ea,1,1
0x34112c83e77a3234f2ce320b05f758f9b17f93c8,1,1
0xd3f03984a90fd15e909b2e9467e98cadea181da3,1,1
0x8fe1a0b56c62f79a7bd8b45fe08b0e03c4af572d,1,1
0x714fea791a402f28bfb43b07f6c9a70482a8cf90,1,1
0x02171b5194d93bb3358e080e0b048064783bdfc4,1,1
0x15f6fdf2873c7093bb02114bad1d4e010ea31d0b,1,1
0x504d1724c037eebc43a216e4e53046d454042cec,1,1
0xfa9b5f7fdc8ab34aaf3099889475d47febf830d7,1,1
0x9f19de3c793a6409b309ca901c80f1f08293728b,1,1
0xc1b78f0fb90a371ea121aa4867a59efc1fa2203a,1,1
0xa8a2b42d64790482162147b0e47d57c11f41976e,1,1
0xf3c43d76a0cb03c7a6599b720290c74a903f94e8,1,1
0x316694aebe40651062b26ac7a82fbe0bda0a59e8,1,1
0x7e4a0da24820944a74caa47ec72af0d41f9ee674,1,1
0x1cc0a2013a712aa1a9dcc0042bfdf1b7e7df9061,1,1
0x8266532a54eeebd07d0678d8999059cbfae9a340,1,1
0xe3a389851ddaf21bbd5c61417b7768c99f6c8033,1,1
0x6ee3af3f3f3bb02c7bba6224a638198d65cce845,1,1
0x62e5438c32e69872fe24922a9353de6387682556,1,1
0x91ed58d25b0fb734204e54cce5f06462a6ff5863,1,1
0x7587caefc8096f5f40acb83a09df031a018c66ec,1,1
0xf802bb85cbfc0cd0fad692d1850890355fbb63ad,1,1
0xadefe156eecf638f97ede541edf96403bc0dd3df,1,1
0xdcb7b978a25a177473701aec69865cb9261333ce,1,1
0x785c8da594df0bac0b503219026f5dbc9199bdd9,1,1
0x0766d46130574d18b315784c09684313db1b61b8,1,1
0xb9ca9f71ce2d1d7a4c9165ba58d08fc80ce1e713,1,1
0x20cd18c7e8979e477f841e0c2ce76c7133eea92f,1,1
0xc8f7110318b8a8653dcaa30284bd2fb93e17e447,1,1
0x83a968f3ebb7b7f8fc0e8c20343eb6d0999a833b,1,1
0x438472dbfa2642e9f99121747281b5d638f5d7d7,1,1
0xdb4eeb1387544b3ddd91c64b4b7a35e0a1785e09,1,1
0x1d17a0d17e8ddc133e1f1d546e9e70e4f2737b57,1,1
0x2d43741af23b091e9e4c43db34ca1ae484ed5a1a,1,1
0xefef40e797ba208e672898454f8f2a96b4a935e5,1,1
0x11369e03d7561268eba71abdbed3189199de9b02,1,1
0x229ec84065fba32a5346b59d9c1700bee363b542,1,1
0x42ecea6eb02cef42391ac33f27bfd110a259d01c,1,1
0xa6260caf610b6c4e264f1c246bf8d14b921b2dc2,1,1
0xb17675b23b5ffac72bf3275d0074be605d6ab51b,1,1
0x7d0955e17c5aa6f57608791c24da0d06a20b06ff,1,1
0x21f68e3101b5332fc81ac3d9a2402a2aa60df659,1,1
0x2ec4a917508950c221c95b5e071104633e70a97e,1,1
0x830252b143c7e86b2cc62d2ace04ed2a37aa8912,1,1
0xf0517a7bcc28f0ebd7d5af2436992f5f9dce00ce,1,1
0xeaa01148997a2696052f9e53f8ac13011b598c68,1,1
0xdc0eeb4493611f7810c30d3b823ec3bc007138f3,1,1
0x72ac5e67d34875dacc9ab7645ae0ff453565c8c9,1,1
0x9ca24b063dc2f61dcd034b56a5f0dcce92d2e942,1,1
0x54367a1fe0353de64c36328c8555009131d108b6,1,1
0x344048a5960f5320aa77a374a89290cf3d8f45e4,1,1
0x7ad7a576c115391b0f5999c64172115ed2d02d6b,1,1
0xe3385d9bb211b8f49b0a4cd08e8e70fd310027ec,1,1
0x7d527bfcfa5adcc0211db8aad7be4b70f8fc3f84,1,1
0x19e6f4c5b590d0afc1df591ece272b9c76e00d06,1,1
0xbbaeb9e6e841e02ca7e7aab8a716a1af886bc48b,1,1
0x063e80340eceba27b4d5915dd247a2dcb245e6aa,1,1
0x534be4f5b6d1531bd3990a192f53540fb8574952,1,1
0x885f59a4260b6e7f7dcb54c089789849e44e4b1f,1,1
0xc47b7094f378e54347e281aab170e8cca69d880a,1,0
0x7c16e055fdf56c8dee83dcd5b8e1056e27207308,1,1
0xcdef4f34e5ceb46c7c55134cda34273349be65b7,1,1
0x80c6ec24f5613e5af0b87f46f6b42807497dae91,1,1
0x14c225693744454f6270fda78cdbf36fbb50dc8c,1,1
0xc3f3af26a89365e0a116fa255c2dd4bbb480b650,1,1
0x614b0d8e9d7f70667e22d5c56c7ae351b976cbe7,1,1
0xb5f39cf46a886cd52d5aa6670ad5cab9cfa7486d,1,1
0xf963f4ca1cc5e6c37f58e6cd2cbfd9db648fded8,1,1
0xd15cd91fdc5f7b58db7fe62d1c1e08dacb1fc75c,1,1
0x621df0eace847571377327ea6ebd3acd7f9514cd,1,1
0x7ed640dda0196213b7efe9aa764ae2102de7e508,1,1
0x91b22dbb59afb64ff92a9f839575fc2f49cad881,1,1
0x62ca855069d3e7bc51a237d42007d672f11c4ad9,1,1
0x0aeeea3523fcf530a456cac1f4cdb5bddf512c66,1,1
0x2bf4bda049275b33d182d51995d2abecdf9f5c7a,1,0
0x03f955ad67d0027e0baf3dccc3d1fb5f665e61f9,1,1
0x05705f84c33b47746ba5ac7b987544eb27fa7e9a,1,1
0xf350336c312314853e0d6dc2f0cb38c4299153ea,1,1
0x95606d8337475be7ab728a2c42675aaece66bcf9,1,1
0xa7d150ea7e624e8cc3a970642bc566b210a3a249,1,1
0x30ce3e2f03a7c0c1cdd44872e0cb48dbf0b87a7a,1,1
0xcdbaec177710859477caa2a5b2d14d021b57bb60,1,1
0xaed3de23d56bf495947651b92e03f5b5f896bd6d,1,1
0x285c3be96dee698fa1d1706f96780c933e33b111,1,1
0xdcb84b30a1f6f926afebfdaf6d6a29d1e93f1ca1,1,1
0x0687dca7fb53a9b06fdd62f8caf6222a23a4020b,1,1
0x390d96279a74052d53abe10141282ed6382d30e4,1,1
0x476bfb1c3619b2d8759d9c2325de250983c92024,1,1
0xab2934623abb83dce0be8083d894d25d926678b4,1,1
0xb073a8b5a8637d42e80badd48dbd54f55ebe9732,1,1
0x5787a410ceb2982e1a8268ce1d4d2c57021b6825,1,1
0x2117c33e7fa615631646c38a3f273cb5372840b4,1,1
0xd334ea9623fc2742a3792432436a2947498173f7,1,1
0xca81adf8c907c67efacaf18449c3827cdf8fa4b5,1,1
0xda443a903789418d04342cd41041fbbb3eeb9c12,1,1
0xf342a68ecf440533c655f08bead02b7e5b415065,1,1
0xe699c139cddaacd93625e754dcb65ba8e9accb0e,1,1
0x1a7ac9ee49b699399f6d021465b6edf15d210b23,1,1
0x2653f3224b6639b005e5f6ecd52e67cbaf00e8d0,1,1
0x8932e3745d54aa7e5b62df51d483df90bf191e56,1,1
0xd214d68cfdb475a0d0f74602c80767878d51f19f,1,1
0x61eb48866774cc073c48d99b3b0914632c9cecb7,1,1
0x028204ffa1a6b43abdba7c25377883fdbf26fe56,1,1
0x27fd704c655ec8e3c9fcb58dace47bbb88ce748c,1,1
0x65fe41c37abf07fab19f656e79338a82d4492f54,1,1
0x0fe82f6f018044a82e2b163d3875b1147c916d3b,1,1
0xc17ae56a54b020bdbdc2566b93a3863406a09d96,1,1
0xa8cd069a989b1ad1cde4b3ab268c210787a54679,1,1
0x8957ffdf58e03ba1de69d906ffdf1dbfaf40c028,1,1
0x4ba7c236d2ee429b1dd474fef4f953bd63b746e0,1,1
0x601de442f6b7552f97c29f9f0e70fb06d99c9e61,1,1
0x9ceaa4fa170dbf13b4dba858a926333becc23b26,1,1
0x8489e893a8dbb8143adc99daba3fcb2fdd44052a,1,1
0xb79d0984e70c6951c4bdf59da2f96f84cd7f1ea4,1,1
0xc326a155ddde29dbbd16c12370bdc719b0c3270c,1,1
0xd3e29bde82533fb98a0a68c87938505ff44c2a53,1,1
0xe22f212c90b675f42f771537e124c916b9defb22,1,1
0xf1ef6e034b1e33b86c62f3319c49a8d8e2dba681,1,1
0x4c9ae64e759704b04a7ebd08ef263b15b3cbc718,1,1
0xf106cc4cf47121f2df215bed4f92d08888967ce6,1,1
0x7473c4a1a11af4edf119ac3e3c1bb3b4b789c779,1,1
0xd58c8118dd94a8c168e434b204ad6e6b1856e500,1,1
0x9e25b580602f4770d8a81b4185578897c39b3f0c,1,1
0x7bda53625e23c55c01025f1cc2a4863d27b17b43,1,1
0x9a384bfc92049b21d9244bfb41530cccb5df873f,1,1
0xe62bb8f0e3d1036fadbbb1460a0185a404f5f2eb,1,1
0x661c650c8bfcde6d842f465b3d69ed008638d614,1,0
0x221f74c94867c9a5a34f5e0a8b1efadcfd6141df,1,1
0x7c230d19b51496f96ad51ce6e675d8f3161b1cde,1,1
0xc3690f40bb66867c14235818947e8e659a1271f8,1,1
0x61f3890b48fb903092d500bdbe79d37ba72a5af0,1,1
0xde6abf77bc2f3ae18ea9f52add93cef8ba2dde93,1,1
0xe4a214b7035860892a5e2e4412a3ef83d0d79b80,1,1
0x017b2edf74704cabb14e5cde6ee5a03502b0395d,1,1
0xf98ed463a88b9956878048d5af01d75732a5c27a,1,1
0xa25f7dc2a7da402c7cc37efcffedcd5d154d09d9,1,1
0xa29cc5793a18d836000d77a34cf4d8c24add40d7,1,1
0xac6c182ea8d90b8d851168c437a377f333e23147,1,1
0xc0debaa209547cd59a470fdaa85dd6d1122dbcb8,1,1
0xbf8d374c65283db2f844c84b39ae834149e01704,1,1
0xd065d5092107ea272cd41cf7e23693c89071f1d0,1,1
0xa626602b12545227febad8977c525c19ac19db3e,1,1
0x12af96a1d68213aa0a31a692dee99fadc60ef492,1,1
0x989a4f3544a340a8516ef7c6fbd5124b4adb3cc5,1,1
0xf407801b2c3521110aecf22f01c40eab82c75521,1,1
0x75a38e79d43c034abed4391a03773a7388058f64,1,1
0x1630318ea99dc0cabf54d156cf50bccf0d863f41,1,1
0xcc3156b0e009b39e222835c24affdaeee8058436,1,1
0x63566a5b9b0bda14361d8e3a4d8bf26e1881622d,1,1
0x68983ef79cbf370f3b6ce23a0711e4c8de01fdc3,1,1
0xf2b61aac5ba0f23e64c2989ce555a8d0890a3138,1,1
0xdb64333ecf97003b63fa9ee3ad74f754e103ce98,1,1
0xcb031952c13799cdd8547d662f574d3b6810295b,1,1
0x1c7dce73d4f5ca21f79086a6223c48d649541e52,1,1
0xd6b7682f9ce769dc003c6db8d4196f0ee3fbd507,1,1
0xa3a1ed6e82be18042f669459bf71920ca79da155,1,1
0x65d857dd0df8da5aef32bf93111c441cdbf5b910,1,1
0xe0252973ca7f9464d974a6226f38c0a01bcb65cf,1,1
0x320852cde11df1fea7a247ce5a5e7034e692321c,1,1
0x05cf9c8bc55be5db23f7bb2e6f862ee4af674dd5,1,1
0x1d5af656bdee924bac6fd1a1ec83cc5c020385fa,1,1
0xc4648f63ea9a04a197e3ba9bf8eadcba1dcce5cb,1,1
0xf221b0cf3b1f089bcdbb76fc0a4d49d803ef3fab,1,1
0xb5418e0a76c780f51a024a5b71b0740786bc3af2,1,1
0xfb21cce22c67852b8288e4704cdaa0c48f4502b5,1,1
0x6f985dd126570fcc1835ab8fcd81c14dc9282481,1,1
0x7783552a863cfa3e1318d553575d5cb6012f7453,1,1
0x9e478eec4e7a4fc6563faaa2360edec53364699d,1,1
0x0ce1502a74bacba01ca32a960e41d8f524cb2f7e,1,1
0x1b9faf380889caefacb530b9b205f7fdfa763817,1,1
0x25ee57851daa28e6e3ff4cb184bad91d8d070f16,1,1
0x793583b7894e3837cd6f82c203a76ba9cd6a749d,1,1
0x3ec224abe3beabeb5d4bc0947232797e84ed34bb,1,1
0x385b4625337d2905dd467a59d2c08a34cf1c92b9,1,1
0x888b189aa7a27814df32ed1386771e31cfd77591,1,1
0xb0a0ae6aae0c73ea1d0ee29a7e542da8472f9afe,1,1
0xf126686b2f013c5f009f224367d08c318b0e1ce1,1,1
0x0960d6feadbc132ee578273f58c1ed6614358451,1,1
0x0e6394e69d712c447b58b5504e3f24454c6d2b6a,1,1
0x5069c9a9c1b230d0f65ac200d56fbd6ec9c65d7a,1,1
0x548dcb99261437ef80c92c442c202eb551818f51,1,1
0x9f0b16638b4a5c572cea92ca159e50c2ddc2c6a6,1,1
0x3615d4997589cf9f807582de398d48aa359fab80,1,1
0x6e98f3dc7da481c1f7d277f66ffdcc77a8c5d104,1,1
0xc3cdf61e3d37d958d4a9d7c222ff1d5d717dda01,1,1
0x72c7c31b58723c35df1706e8217dd1da35c41b7c,1,1
0x716cc1581a0aef58a3b79c3cd722da2d6c27e6a2,1,1
0x6561d4e29daa68a6ff61d179c1aa7b590184149b,1,1
0x81fc03e43c70a725a73e912e3a5b2bf10f883864,1,1
0x7367e15e7468e93a8e7590dd05ce288a818b7968,1,1
0x801007d1057be27c2f899e8ea93b6435e3b24bb3,1,1
0x2cfce76007115e82eb77f21356846522918c6cd3,1,1
0x49342c7e9b78b9ce3574a128dd7ab0a84cfd8ee2,1,1
0xaf53f6440d97f6d7b3b0b679352d3cba8eb12c5c,1,1
0xd7a16763da4a64083f3f149f70533ae51c5eea87,1,1
0xf50db988daf8d57a09753328c04bb977bc584672,1,1
0xa0f267b69725d3a397c1ee83d71d28393b374c6c,1,1
0x48bef54e8ba76b24118a4ea106e691d8e31b83e3,1,1
0x68ab7b9098eec620c383b8d3cd7010960a72b1dc,1,1
0xab97349f27308c944a8b169df36b20fd7b7e9ed3,1,1
0xbfc5dc09a0e8e641abfac2687b6caf3252de1ac3,1,1
0x02585198116ba6b9564a0657a2ed700e5bb0b943,1,1
0x2fd50f6144c6ec22c0c9e60c7c0baec6ac14d68c,1,1
0xf39da8503111e7ec048df0d45a5c75df3d079926,1,1
0x1cc0f5c49e403b4f9b73cbab1e0d1c28a865d16c,1,1
0x41613123b0c8fac534f9d9f023bfe13a45de82a8,1,1
0x48bb19a22d8e8953bb1af5d17a30a5096039449b,1,1
0x57d1029538d1db49e3818f7cdbc9072a1568771a,1,1
0xf165d02bf163538069d614cded8ca058d3d89fe3,1,1
0xe1865d12087f0b60084f5ae22c9eaeef5cb001e9,1,1
0x00478a40b0eda4192b7bbe720c018e2216f7ccbd,1,1
0xfb3c37ebbdbef805d6dbf694e85e8c3424f3d97c,1,1
0x41f2f400c85f379635916cded9817f05e25815e1,1,1
0x8ece47e0ebadff200a50e505dcafed2855a7239b,1,1
0x1bd48eb3541977963cbff6924e1c227db5335fdf,1,1
0x56e9d326b16498aca6b46bdb1cd7223205f2b4bc,1,1
0x0a5754ec74b840a562ba7bb7dcb5c77508c62d91,1,1
0xb55d5702cd56f6af67b1b29315b643648b676e33,1,1
0x87becc461a3582919a70ce0177d83a2ade2d0b0a,1,1
0xf6875788b14f7bcad1ace85d97fa3ee8d4ec3ec8,1,1
0x1b49dce4ee084a40fe40879a7ba89943472ffb7c,1,1
0x20755b98e861ff32159b3351266f4ad7faa66668,1,1
0x84d4ab356c252eac02e56c7c9144a98c74038a30,1,1
0xf8f0dbb3186773d410191a3839acc32c707a6791,1,1
0x12937ea80db5b54680e3d666fe4655ecb457ddd4,1,1
0x578a4a8c3ff586f7b2320fdf8d07d087e1d9179f,1,1
0x3d2aac685baa14d15a181cd916cca7ee4341d9b7,1,1
0x27cc7ab39849a782bce2d375f4e35e0acc04d8a6,1,1
0x3424bb07240d5679a63c0153cc8f40d047341642,1,1
0x19795a67cf2e01b549bdee0fd6baebf5abdb58ab,1,1
0x946acb337d1784f85f0b5956074b8e8615ab93d7,1,1
0x2e7a67f57b5a99c2dbf146b61bca17d1cb620e02,1,1
0x3930648aa05ef5b7d0ca6c943a0346c5f5a33c6a,1,1
0x488f36e3abeb326a1137fcf21207625d580739f4,1,1
0xa88f8b0b5ec2175534bb9f45b3e20981314abc18,1,1
0xf9f74b749e85fdcf0457678ca97fe6ae95f80793,1,1
0xedff6c054fd653638987f310ef594149481a8cb6,1,1
0xf91b3174e8f075afb4372753fda2d0c87f3552d8,1,1
0xf855a2b803d9f230a1b73a39abdfcc008b8292ce,1,1
0xca7aeae80b898aa80ebce2add85aed8afb75e9b2,1,1
0x5802d4adf18739df13711d8386e04141ff530928,1,1
0x93e49a8ad52e3eb2fd7e42bc1db11ce4afadf8e9,1,1
0xc945e3e93beae04ae615c5d5295e4d68ccf6807f,1,1
0x2207bd9acc29bde0e20f5febaa16bb8595c02413,1,1
0x2a298673ec986a93f2fb80d153dd5ff887a4de4f,1,1
0x7e6f43e154b1c50d267ee275db3b391f7b6007c0,1,1
0x656fbbc43e24b679ab6377c419201bfbda72e9ac,1,1
0xfbc4fd245ce0773b2d0b5a333d28cb7a3b5d1683,1,1
0x3aac9ea87f1cef3ea1f78e0db70cf50902df1de4,1,1
0x4ba3c740de403a8f9412852c3da6dcc4fcbc29c8,1,1
0x9056d4efca0ab40dc150c802619c73b75f53d5d5,1,1
0xe1e70561d418b6344b6aac11b9bd2167b063ab66,1,1
0x430822d63b63c25bb00a22d9fec22e352f7df947,1,1
0x4ffd155c03deb743c39edf25851fab04f559f041,1,1
0xeadf2ef94f9816a2e7e74789322a9f98e36f19b0,1,1
0x79d38dedda8e7e2350c0c4bd9979e1c623d9589b,1,1
0x822c66ad8c2a37aab5d394827cb33d247e92c53d,1,1
0x9139f88ec02789c8fe05f812e3cf978fa7a6521f,1,1
0xd554c574f01d5b3653a27009a59dae3062946940,1,1
0x0aa282dd50d2e85c5991e4a86a3143f8af38321d,1,1
0xddea6fb9cc995bf033f5de297798c3b20f18c9c9,1,1
0x57f6c10270f9ce860a7567303d74df2b4976a913,1,1
0x89645077d62ba8215d340217c8be6b4bf6284cf7,1,1
0x3237ff58d8f51cabbcea24af212bed305f92f047,1,1
0xa75a096c5bcf6b48f559569ff591a34459198493,1,1
0x4bcf4e80009d7464cd5ddcf984031e679b7856d2,1,1
0x3685400fb5b68b53fb56de8bfbcd557b20084f6a,1,1
0x95e08d5633e6bf6bf9375b20f40806463ee7f507,1,1
0x693294989c75a7bf0aa888498eedbd2f2443ef17,1,1
0x2f33b2ac392f4e023daf4f3baeaaed7b6be4f4ef,1,1
0x022fdb3bece5137861df734a277dae0fb19c63f9,1,1
0x76347a4663882b91a1d74ff9427ff5236a0cd0ef,1,1
0xee2e47214c759563ba7c4ebf0e2f723730622a30,1,1
0xc8a2bfa30155efa75f6d2de72bb4da523271ed63,1,1
0x36775d597239c37cd9c18bd3122a97460fce362c,1,1
0x8b8c97c0dfe09420240fa4120e481ecfce17d784,1,1
0x9aa58d4f05068eaa831abbd0d281355b5f1bdeee,1,1
0xc397c84da13db8d1581f4c6d06f493ce5543f0b7,1,1
0x11074858eac2ebd799e76faf3632deeae4cbd8ca,1,1
0x2bcc45bbacd16e2342707dee05dd71270658b541,1,1
0x7cb05216b7887fb853535f4b7e58d03727a2438f,1,1
0x61b2dfad7a3c0bea7a306a1e5be11063592f7239,1,1
0x8a7373e397cd6f0978556be5d130f342ce117a27,1,1
0x9ebd8065aee2791e67a30e400fa3d15d7d7e0b44,1,1
0x2b3708ee55d05b8187bdbf7b64e7fcfc5d21f1ec,1,1
0x3665183ee14591e6be0ccb4094f2153e7f17c230,1,1
0xe0db03289ce68721dd273413c8493e7d4064592e,1,1
0x6d38e4698a876f032535c7f9a7f9fc42978bd607,1,1
0x82fac0060b4fa0708b86402867de7ca3c54885b8,1,1
0xddf3688022e3b7b2539feec2e0b2774373a8fd71,1,1
0x3134be31f1750d58e4e7ca70fc9491d5812e3fc9,1,1
0x4f3dd7f23eb38b8b68c53ea05f9e2b483d51fa91,1,1
0x9acbb72cf67103a30333a32cd203459c6a9c3311,1,1
